{"docstore/data": {"3a5d6801-c4ae-43d6-9e44-2456685a330e": {"__data__": {"id_": "3a5d6801-c4ae-43d6-9e44-2456685a330e", "embedding": null, "metadata": {"source": "https://www.dnb.de/DE/Professionell/Services/WissenschaftundForschung/DNBLab/dnblab_node.html", "title": ""}, "excluded_embed_metadata_keys": [], "excluded_llm_metadata_keys": [], "relationships": {}, "metadata_template": "{key}: {value}", "metadata_separator": "\n", "text": "DNBLab: Zugang zu Datensets und digitalen Objekten\nDie Deutsche Nationalbibliothek bietet ihre bibliografischen Daten und mehrere digitale Objektsammlungen frei zug\u00e4nglich an. Als zentraler Anlaufpunkt f\u00fcr die Pr\u00e4sentation, den Zugriff und die Nachnutzung der digitalen Ressourcen bietet das DNBLab einen Zugang zu unseren Daten, Objektdateien und Volltexten. Zugang erhalten Sie \u00fcber verschiedene Schnittstellen und Downloads.\nEin weiteres Angebot: Jupyter Notebook Tutorial f\u00fcr Einsteiger*innen Wie k\u00f6nnen Daten mittels der SRU-Schnittstelle abgerufen werden?\nDas DNBLab kann von zu Hause aus sowie an unseren Internetrechnern in den Leses\u00e4len ausprobiert werden.\nBei Interesse an automatisierten Analysen von gesch\u00fctzten Volltexten, Bildern oder AV-Medien bieten wir einmal j\u00e4hrlich die M\u00f6glichkeit einer Kooperation durch unseren DH-Call an.\nVeranstaltungen\nDNBLab: Freie digitale Objektsammlungen\nFoto: Thomas Meyer / OSTKREUZ\nEntdecken Sie unsere maschinenlesbar aufbereiteten Datensets und freie digitale Objektsammlungen.\nMehr\nDNBLab: Schnittstellen\nFoto: Thomas Meyer / OSTKREUZ\nErfahren Sie mehr \u00fcber Abfragen unserer offenen Schnittstellen sowie dar\u00fcber, wie Sie sich eigene Daten- und Objektsets zusammenstellen k\u00f6nnen.\nMehr\nDNBLab: Tutorials\nNeugierig? Werden Sie selbst aktiv! Mit Hilfe unserer einsteigerfreundlichen Tutorials zeigen wir Ihnen, wie Sie unseren Bestand abrufen und analysieren k\u00f6nnen.\nMehr\nDNBLab: Unsere Daten in der Praxis\nQuelle: BibSonomy Genealogie\nInformieren Sie sich, wie vielseitig unsere Daten in Wissenschaft und Forschung bereits analysiert und visualisiert wurden.\nMehr\nLetzte \u00c4nderung:\n04.03.2025\nKurz-URL:\nhttps://www.dnb.de/dnblab\nKontakt:\nlab@dnb.de", "mimetype": "text/plain", "start_char_idx": null, "end_char_idx": null, "metadata_seperator": "\n", "text_template": "{metadata_str}\n\n{content}", "class_name": "TextNode"}, "__type__": "1"}, "a99876d8-c2c7-4144-a5bf-b085748e6fba": {"__data__": {"id_": "a99876d8-c2c7-4144-a5bf-b085748e6fba", "embedding": null, "metadata": {"source": "https://www.dnb.de/DE/Professionell/Services/WissenschaftundForschung/DNBLabPraxis/dnblabPraxis_node.html", "title": ""}, "excluded_embed_metadata_keys": [], "excluded_llm_metadata_keys": [], "relationships": {}, "metadata_template": "{key}: {value}", "metadata_separator": "\n", "text": "DNBLab: Unsere Daten in der Praxis\nQuelle: BibSonomy Genealogie\nSie m\u00f6chten mehr \u00fcber das Arbeiten mit unseren Daten und freien Objekten erfahren?\nWir haben einige Beispiele gesammelt, wie vielseitig unsere Daten in Wissenschaft und Forschung analysiert und visualisiert werden. Lassen Sie sich inspirieren und nutzen Sie Open Source Code in GitHub f\u00fcr Ihr eigenes Forschungsvorhaben.\n\u00dcber Einblicke in Ihre Arbeit und Ihre Beteiligung am Ausbau unserer Praxisbeispiele freuen wir uns! Bei Fragen sind wir unter lab@dnb.de f\u00fcr Sie da.\nAnwendungen und Demos\nDNB Data Explorer\nDer Data Explorer visualisiert Zusammenh\u00e4nge in Datens\u00e4tzen der Deutschen Nationalbibliothek.\nDNBVIS\nIm Zentrum des Projektes DNBVIS stand die Frage, wie man virtuell durch eine Bibliothek flanieren und ihre Best\u00e4nde explorativ erkunden kann. Im Rahmen der Forschungskooperation \u201eVisualisierung bibliografischer Daten und Inhalte\u201d zwischen der Deutschen Nationalbibliothek und der Fachhochschule Potsdam wurde diesen Fragen nachgegangen und 2017 daf\u00fcr ein Prototyp entwickelt.\nPrototyp (funktioniert mit Chrome und Firefox); Github-Repository Skripte und Prototyp\nGND Dashboard\nDas GND Dashboard wurde anl\u00e4sslich der GNDCon II erstellt und l\u00e4dt zu einem interaktiven Erforschen der GND ein. Hier finden Sie statistische Auswertungen der GND und ihrer Verkn\u00fcpfungen mit den Titeldaten der Deutschen Nationalbibliothek.\nBibSonomy\nDie BibSonomy Genealogie ist Teil der sozialen Verschlagwortungsplattform BibSonomy und verfolgt das Ziel, eine freie Genealogie der deutschen Wissenschaft zu erstellen. Promovierte k\u00f6nnen sich sowohl den Betreuer*innen ihrer Doktorarbeit zuordnen als auch weitere wissenschaftliche Beziehungen und Publikationsdaten gemeinsam verwalten und abbilden. Daraus kann insbesondere ein Stammbaum der Forschung an deutschen Universit\u00e4ten erstellt werden. Grundlage der Daten ist der Katalog der Deutschen Nationalbibliothek.\nKinder- und Jugendliteratur-Bot\nDer Kinder- und Jugendliteratur-Bot (KJL-Bot) sammelt deutschsprachige Neuerscheinungen ausgew\u00e4hlter Verlage aus dem Bereich Kinder- und Jugendliteratur und f\u00fchrt sie strukturiert und durchsuchbar auf einer Website zusammen. Datenbasis bildet der Katalog der Deutschen Nationalbibliothek.\n\u201cMapping German Fiction in Translation\u201d Webapplikation\nDie Webapplikation dient der exemplarischen Visualisierung der in der Deutschen Nationalbibliothek katalogisierten \u00dcbersetzungen deutschsprachiger Autor*innen. Neben Informationen wie die Anzahl der Titel und Zielsprachen, kann man durch einen Mausklick auf der Karte f\u00fcr jede \u00dcbersetzung die Sprache, den Verlag und den Titel anzeigen.\nWebapplikation Dataverse Poster\nDNBVIS_frodiss\nDie Anwendung DNBVIS_frodiss ist eine exemplarische Entwicklung der Deutschen Nationalbibliothek, die unser Datenset der \u201eFreien Online-Hochschulschriften\u201c visualisiert. Sie gibt damit Einblicke in unseren Bestand von derzeit \u00fcber 302.000 freien Online-Dissertationen und pr\u00e4sentiert ihn mehrschichtig in interaktiven Grafiken nach Erscheinungsjahren, Fachgebieten, Sachgruppen, Publikationsorten, Hochschulen und Sprachen.\nExilmonografien-App\nDer Prototyp dient der Visualisierung von h\u00e4ufig gestellten Forschungsfragen an die Sammlung der Exilmonografien des Deutschen Exilarchivs 1933-1945. Er entstand im Rahmen eines DNB-internen Hackathons und gibt erste Antworten auf Fragen wie: Wo sind Exilmonografien entstanden? Wie verteilen sich Exilmonografien auf die Erscheinungsl\u00e4nder und Erscheinungsorte? Wo und wann sind die meisten Exilmonografien entstanden? Was sind die entlegensten Erscheinungsorte?", "mimetype": "text/plain", "start_char_idx": null, "end_char_idx": null, "metadata_seperator": "\n", "text_template": "{metadata_str}\n\n{content}", "class_name": "TextNode"}, "__type__": "1"}, "51f2a456-f8a3-47d0-a025-cdcd411110a6": {"__data__": {"id_": "51f2a456-f8a3-47d0-a025-cdcd411110a6", "embedding": null, "metadata": {"source": "https://www.dnb.de/DE/Professionell/Services/WissenschaftundForschung/DNBLabPraxis/dnblabPraxis_node.html", "title": ""}, "excluded_embed_metadata_keys": [], "excluded_llm_metadata_keys": [], "relationships": {}, "metadata_template": "{key}: {value}", "metadata_separator": "\n", "text": "Exilmonografien-App\nDer Prototyp dient der Visualisierung von h\u00e4ufig gestellten Forschungsfragen an die Sammlung der Exilmonografien des Deutschen Exilarchivs 1933-1945. Er entstand im Rahmen eines DNB-internen Hackathons und gibt erste Antworten auf Fragen wie: Wo sind Exilmonografien entstanden? Wie verteilen sich Exilmonografien auf die Erscheinungsl\u00e4nder und Erscheinungsorte? Wo und wann sind die meisten Exilmonografien entstanden? Was sind die entlegensten Erscheinungsorte?\nCode-Beispiele und Jupyter Notebooks\nAmerican Guild - Network Data\nDas im Rahmen des Hackathons Coding Da Vinci 2020 entwickelte Projekt hatte zum Ziel, die Netzwerke im Exil anhand der Kommunikationswege einer Exil- und Hilfsorganisation zu visualisieren. Das Archiv der Deutschen Akademie im Exil/ American Guild for German Cultural Freedom umfasst 968 Personenmappen. Frageb\u00f6gen, Lebensl\u00e4ufe und Korrespondenzen aus vielen Orten der Welt sind \u00fcberliefert. Mit Stipendiat*innen wie Bertolt Brecht, Alfred D\u00f6blin, John Heartfield, Egon Erwin Kisch, Joseph Roth, Anna Seghers und Arnold Zweig ist das Archiv ein \u201eWho is Who\u201c der deutschsprachigen Emigration.\nDatenbasis bildet ein speziell f\u00fcr den Hackathon bereitgestelltes Datenset \"American Guild for German Cultural Freedom\" des Deutschen Exilarchivs 1933\u20131945.\n\u00c4pfel und Birnen\nDass sich Kulturdaten nicht nur zur Datenanalyse eignen, zeigt das im Rahmen des Kulturhackathon Coding Da Vinci entwickelte Projekt: \u00c4pfel und Birnen. In der Mini-GameCompilation, f\u00fcr die die im DNBLab enthaltenen Buchh\u00e4ndlerportraits genutzt wurden, k\u00f6nnen Spieler*innen in das Leben von Obst eintauchen.\nDatenlabor\nDigital Humanities gewinnen im Bereich der Geistes- und Kulturwissenschaften immer mehr an Bedeutung. Lernen Sie die Grundlagen von Python kennen und erhalten Sie einen Einblick, wie Kulturdaten analysiert werden k\u00f6nnen.\nEinstieg in GitHub, Datenanalyse in GitHub\nDie Gemeinsame Normdatei entdecken\nHier finden Sie Dokumentationen bibliografischer Regeln (RDA und GND) und Werkzeuge zum Experimentieren mit den Daten der GND.\nLiebe und Tod in der Deutschen Nationalbibliothek\nDer Katalog der Deutschen Nationalbibliothek wird zum Forschungsobjekt. In dieser Untersuchung wurde ein Framework entwickelt, um bestimmte Aspekte des Katalogs anhand der Beispiele von Romanen zu untersuchen.\nLiebe und Tod in der Nationalbibliothek, GitHub\nAuf R basierte Schnittstellenabfrage der DNB-Daten\nBeispiel einer automatisierten Abfrage der SRU Schnittstelle der Deutschen Nationalbibliothek mittels Programmiersprache R.\nLetzte \u00c4nderung:\n02.05.2024\nKurz-URL:\nhttps://www.dnb.de/dnblabpraxis\nKontakt:\nlab@dnb.de", "mimetype": "text/plain", "start_char_idx": null, "end_char_idx": null, "metadata_seperator": "\n", "text_template": "{metadata_str}\n\n{content}", "class_name": "TextNode"}, "__type__": "1"}, "296532cd-f758-4b01-8ec9-9311b2414e6b": {"__data__": {"id_": "296532cd-f758-4b01-8ec9-9311b2414e6b", "embedding": null, "metadata": {"source": "https://www.dnb.de/DE/Professionell/Services/WissenschaftundForschung/DNBLab/dnblabSchnittstellen.html", "title": ""}, "excluded_embed_metadata_keys": [], "excluded_llm_metadata_keys": [], "relationships": {}, "metadata_template": "{key}: {value}", "metadata_separator": "\n", "text": "DnbLab: Schnittstellen\nFoto: Thomas Meyer / OSTKREUZ\nUnsere Daten und freien digitalen Objekte k\u00f6nnen \u00fcber drei verschiedene Schnittstellen abgefragt werden.\nOAI-Schnittstellen\n\u00dcber OAI-PMH (Open Archives Initiative Protocol for Metadata Harvesting) bieten wir zwei verschiedene Schnittstellen an.\nInformationen zu der im Rahmen der Metadatendienste angebotenen OAI-Schnittstelle zur Abfrage von Metadaten und dar\u00fcber verf\u00fcgbaren Sets (Deutsche Nationalbibliografie, Normdaten und Zeitschriftendatenbank) finden Sie unter https://www.dnb.de/oai.\nBeispielanfrage zur Ermittlung aller online frei verf\u00fcgbaren Dissertationen der Sachgruppe \u201eSozialwissenschaften, Soziologie, Anthropologie\u201c aus einem bestimmten Zeitraum:\nUnsere OAI2-Schnittstelle erm\u00f6glicht die Abfrage von Metadaten und Links auf Bilddateien gemeinfreier Digitalisate.\nBeispielanfrage zur Ermittlung aller frei verf\u00fcgbaren digitalisierten Buchh\u00e4ndlerportraits seit einem bestimmten Datum:\nSehen Sie auch: Jupyter Notebook Tutorial Wie k\u00f6nnen Daten mittels der OAI-Schnittstellen abgerufen werden?\nSRU-Schnittstelle\n\u00dcber SRU (Search/Retrieve via URL) k\u00f6nnen Sie in den Daten der Deutschen Nationalbibliothek in Form von URLs oder \u00fcber ein Computerprogramm (z.B. Python Bibliothek) suchen und eigene Datensets zusammenstellen. Anfragen werden wie im Katalog in der Retrievalsprache Contextual Query Language (CQL) formuliert und als Parameter an die URL angeh\u00e4ngt.\nBeispielanfrage zur Ermittlung aller online frei verf\u00fcgbaren Titel mit dem Stichwort Klimawandel (tit=klimawandel and location=onlinefree):\nhttps://services.dnb.de/sru/dnb?version=1.1&operation=searchRetrieve&query=tit3Dklimawandel*+and\n+location%3Donlinefree&recordSchema=MARC21-xml\nDie Ergebnisse k\u00f6nnen per XML in verschiedenen bibliografischen Formaten ausgeliefert werden. Weiterf\u00fchrende Informationen zu den SRU-Funktionen, Suchattributen, verf\u00fcgbaren Katalogen und Formaten finden Sie unter www.dnb.de/sru.\nSehen Sie auch: Jupyter Notebook Tutorial Wie k\u00f6nnen Daten mittels der SRU-Schnittstelle abgerufen werden?\nNutzungs- und Bezugsbedingungen\nDie Metadaten und Online-Schnittstellen werden ohne Gew\u00e4hr daf\u00fcr angeboten, dass sie ununterbrochen, p\u00fcnktlich, fehlerfrei, vollst\u00e4ndig sind und dass sie nicht Rechte Dritter (zum Beispiel Pers\u00f6nlichkeits- oder Urheberrechte) verletzen.\nLetzte \u00c4nderung:\n16.02.2022\nKurz-URL:\nhttps://www.dnb.de/dnblabapi\nKontakt:\nlab@dnb.de", "mimetype": "text/plain", "start_char_idx": null, "end_char_idx": null, "metadata_seperator": "\n", "text_template": "{metadata_str}\n\n{content}", "class_name": "TextNode"}, "__type__": "1"}, "4b4f5264-d4f5-40dd-b99d-0f873f403b57": {"__data__": {"id_": "4b4f5264-d4f5-40dd-b99d-0f873f403b57", "embedding": null, "metadata": {"source": "https://www.dnb.de/DE/Professionell/Services/WissenschaftundForschung/DNBLab/dnblabTutorials.html", "title": ""}, "excluded_embed_metadata_keys": [], "excluded_llm_metadata_keys": [], "relationships": {}, "metadata_template": "{key}: {value}", "metadata_separator": "\n", "text": "Der Museumslesesaal in Leipzig \u00f6ffnet am Montag, 12.05.2025 wegen Wartungsarbeiten erst um 16 Uhr.\nLeipzig: Donnerstag 15.05.2025\nDie Deutsche Nationalbibliothek in Leipzig \u00f6ffnet am Donnerstag, 15.05.2025 wegen Wartungsarbeiten erst um 16 Uhr.\nDer Museumslesesaal und die Ausstellungen des Deutschen Buch- und Schriftmuseums sind ge\u00f6ffnet.\nZum Einstieg k\u00f6nnen Sie sich unsere Erkl\u00e4rvideos zum Arbeiten mit dem DNBLab anschauen. Wir stellen Ihnen das DNBLab vor und zeigen Ihnen, wie Sie unsere Daten und freien Objekte mittels Schnittstellen abrufen und anschlie\u00dfend analysieren k\u00f6nnen.\nF\u00fcr das Arbeiten und die Analyse unserer Daten und frei verf\u00fcgbaren Objekten stellen wir im DNBLab Online Coding Tutorials (Jupyter Notebooks) zur Verf\u00fcgung.\nWie k\u00f6nnen Jupyter Notebooks im Browser aufgerufen und ausgef\u00fchrt werden?\nWie k\u00f6nnen Daten mittels der OAI-Schnittstelle abgerufen werden?\nBitte verwenden Sie die statische Version zum Lesen der Tutorials. Um den Code in den Tutorials aktiv ausf\u00fchren und bei Bedarf anpassen zu k\u00f6nnen, nutzen Sie bitte die interaktive Version.\nWie k\u00f6nnen Daten mittels der SRU-Schnittstelle abgerufen werden?\nBitte verwenden Sie die statische Version zum Lesen der Tutorials. Um den Code in den Tutorials aktiv ausf\u00fchren und bei Bedarf anpassen zu k\u00f6nnen, nutzen Sie bitte die interaktive Version.\nBitte verwenden Sie die statische Version zum Lesen der Tutorials. Um den Code in den Tutorials aktiv ausf\u00fchren und bei Bedarf anpassen zu k\u00f6nnen, nutzen Sie bitte die interaktive Version.\nWie k\u00f6nnen digitalisierte Inhaltsverzeichnisse abgerufen und analysiert werden?\nBitte verwenden Sie die statische Version zum Lesen der Tutorials. Um den Code in den Tutorials aktiv ausf\u00fchren und bei Bedarf anpassen zu k\u00f6nnen, nutzen Sie bitte die interaktive Version.\nVolltextanalyse digitalisierter Inhaltsverzeichnisse\nStatische Version : Anzeige im Browser\nWie k\u00f6nnen Daten aufbereitet und visualisiert werden?\nBitte verwenden Sie die statische Version zum Lesen der Tutorials. Um den Code in den Tutorials aktiv ausf\u00fchren und bei Bedarf anpassen zu k\u00f6nnen, nutzen Sie bitte die interaktive Version.\nWie k\u00f6nnen Audio-Dateien abgerufen und analysiert werden?\nBitte verwenden Sie die statische Version zum Lesen der Tutorials. Um den Code in den Tutorials aktiv ausf\u00fchren und bei Bedarf anpassen zu k\u00f6nnen, nutzen Sie bitte die interaktive Version.\nAufruf und Analyse von Audio-Dateien\nStatische Version : Anzeige im Browser\nWie k\u00f6nnen Daten mittels Open Refine aufbereitet und angereichert werden?\nBitte verwenden Sie die statische Version zum Lesen der Tutorials. Um den Code in den Tutorials aktiv ausf\u00fchren und bei Bedarf anpassen zu k\u00f6nnen, nutzen Sie bitte die interaktive Version.\nCookies erleichtern die Bereitstellung unserer Dienste. Mit der Nutzung unserer Dienste erkl\u00e4ren Sie sich damit einverstanden, dass wir Cookies verwenden. Weitere Informationen zum Datenschutz erhalten Sie \u00fcber den folgenden Link: Datenschutz", "mimetype": "text/plain", "start_char_idx": null, "end_char_idx": null, "metadata_seperator": "\n", "text_template": "{metadata_str}\n\n{content}", "class_name": "TextNode"}, "__type__": "1"}}, "docstore/metadata": {"3a5d6801-c4ae-43d6-9e44-2456685a330e": {"doc_hash": "00abef9ce4be0617d3a3cc11acb284875d07812e1d3f5ffc3ca478bbc6f2a373"}, "a99876d8-c2c7-4144-a5bf-b085748e6fba": {"doc_hash": "5f5a3d1e9e225ba1d2003c964ee402d085bdf66453f3727086d9e72b8677f227"}, "51f2a456-f8a3-47d0-a025-cdcd411110a6": {"doc_hash": "80c3c9c82d31c0fd28195d62b5f7c872e2a3254667fe26dea517dd212d29f9d4"}, "296532cd-f758-4b01-8ec9-9311b2414e6b": {"doc_hash": "ddb62fbea068e5f910709810d4f76826ebaf17de16b937386409a799b54ae960"}, "4b4f5264-d4f5-40dd-b99d-0f873f403b57": {"doc_hash": "8b6ceb510e36a5291549a1a956c557a935a9ed58bf11d01c8301069f5715fb3a"}}}